http___static.flickr.com_2055_1859362869_b73c220a90.jpg,dog
http___static.flickr.com_1226_1181925767_d052d9564c.jpg,dog
http___farm2.static.flickr.com_1339_690883918_0a2ebf2d4a.jpg,dog
http___farm1.static.flickr.com_24_61908154_b9e06066a7.jpg,dog
http___farm1.static.flickr.com_176_397889034_478565d7c2.jpg,dog
http___static.flickr.com_227_513779728_e5f268ef52.jpg,dog
http___farm1.static.flickr.com_14_18490844_5c1f793f24.jpg,dog
http___www.pantherkut.com_wp-content_uploads_2007_04_2.jpg,dog
http___static.flickr.com_1407_957787016_defee54bfb.jpg,dog
http___www.hondenschoolabovo.nl_nieuws_files_page32_blog_entry17_1.jpg,dog
http___farm3.static.flickr.com_2325_1891011832_cb5d5098c2.jpg,dog
http___farm1.static.flickr.com_202_470186220_7595143e12.jpg,dog
http___lh3.google.com__BfWIsz3nokg_Rf3HM00f2rI_AAAAAAAABWY_W17fb5XbUI8_s800_collage184.jpg,dog
http___static.flickr.com_1297_887932010_2b24d8be1d.jpg,dog
http___farm1.static.flickr.com_222_512777356_cc623da075.jpg,dog
http___farm2.static.flickr.com_1011_1139594012_2c6698977f.jpg,dog
http___farm1.static.flickr.com_163_438525880_4ce82ca11b.jpg,dog
http___farm2.static.flickr.com_1222_528837108_046c6bb274.jpg,dog
http___farm3.static.flickr.com_2065_2021522094_e3998b18e0.jpg,dog
http___farm2.static.flickr.com_1216_1414089898_5858de884c.jpg,dog
http___farm2.static.flickr.com_1432_1287555701_37efc8911b.jpg,dog
http___farm3.static.flickr.com_2396_1619436512_37e37aa761.jpg,dog
http___farm1.static.flickr.com_102_295241530_6001bd310b.jpg,dog
http___static.flickr.com_192_482969411_606de7f560.jpg,dog
http___farm1.static.flickr.com_187_441699610_6f574d3d09.jpg,dog
http___farm1.static.flickr.com_189_479504006_e89ab29c9b.jpg,dog
http___farm1.static.flickr.com_21_30343979_1cd6a0a3dd.jpg,dog
http___farm2.static.flickr.com_1288_962234498_7168e11614.jpg,dog
http___farm1.static.flickr.com_1_2800688_afe83c164a.jpg,dog
http___farm1.static.flickr.com_46_151838410_88d0d8198b.jpg,dog
http___farm1.static.flickr.com_54_146461998_a2c11854c6.jpg,dog
http___farm2.static.flickr.com_1079_1387120794_4700436bc7.jpg,dog
http___farm1.static.flickr.com_44_142236307_9a364b60b4.jpg,dog
http___farm3.static.flickr.com_2342_2085768823_a0afd2773f.jpg,dog
http___farm2.static.flickr.com_1012_1356436810_e58eefa640.jpg,dog
http___static.flickr.com_113_257226686_d78305c09a.jpg,dog
http___farm1.static.flickr.com_173_406696834_c1e6e29d20.jpg,dog
http___farm2.static.flickr.com_1252_1116742177_d190bbe33b.jpg,dog
http___farm1.static.flickr.com_46_217872100_b5709357f7.jpg,dog
http___www.tallerdog.com_images_croppeddpa.jpg,dog
http___farm1.static.flickr.com_56_143630121_584a901cb5.jpg,dog
http___farm1.static.flickr.com_25_57104973_d32fbaf377.jpg,dog
http___farm1.static.flickr.com_115_253261970_d7b656a9f5.jpg,dog
http___static.flickr.com_5_7220886_ece3a7ecea.jpg,dog
http___farm1.static.flickr.com_254_450406665_1068cb8f95.jpg,dog
http___farm1.static.flickr.com_46_125896862_aea45a18ee.jpg,dog
http___farm1.static.flickr.com_154_441498601_2bfa17d40c.jpg,dog
http___farm3.static.flickr.com_2223_1589046073_5420d1ca1d.jpg,dog
http___imagecache2.allposters.com_images_pic_adc_12232378B~Perro-doguillo-Posteres.jpg,dog
http___farm1.static.flickr.com_34_72707428_364f961e0c.jpg,dog
http___farm2.static.flickr.com_1142_1273843380_424d34d58b.jpg,dog
http___static.flickr.com_1259_1469874443_d9cd198fc7.jpg,dog
http___farm1.static.flickr.com_166_337123823_c7a59a44e9.jpg,dog
http___farm2.static.flickr.com_1374_961389963_1bbc4bedef.jpg,dog
http___static.flickr.com_77_210907433_ce1858c239.jpg,dog
http___farm1.static.flickr.com_70_185844804_4cd5e62834.jpg,dog
http___farm1.static.flickr.com_34_69291956_f7be44e5cb.jpg,dog
http___farm1.static.flickr.com_107_314290999_efe6f29aa8.jpg,dog
http___static.flickr.com_27_65922179_fe6774cccf.jpg,dog
http___farm1.static.flickr.com_27_49770482_c161d9a3e6.jpg,dog
http___farm1.static.flickr.com_48_146403300_0128782865.jpg,dog
http___www.guyana.org_Guyana_Photo_Gallery_animals_domestic%20dog.jpg,dog
http___farm1.static.flickr.com_77_226146128_b2da0ede02.jpg,dog
http___farm1.static.flickr.com_47_139381434_f44371a96d.jpg,dog
http___farm1.static.flickr.com_50_143617058_2d1894e026.jpg,dog
http___farm2.static.flickr.com_1319_917422312_81f0dcce5b.jpg,dog
http___www.frogsonice.com_photos_hoglezoo2_thumbnails_tiger-1.jpg,cat
http___farm3.static.flickr.com_2041_2199476478_6774ba7a31.jpg,cat
http___farm1.static.flickr.com_220_508132866_4d69bae597.jpg,cat
http___farm1.static.flickr.com_197_496834757_2c26a2f0eb.jpg,cat
http___farm2.static.flickr.com_1224_1241688278_14ca56b240.jpg,cat
http___farm3.static.flickr.com_2043_2080079187_eb7384d878.jpg,cat
http___farm1.static.flickr.com_145_393749464_c71aaf2a9c.jpg,cat
http___farm1.static.flickr.com_120_260448163_03c2748acd.jpg,cat
http___farm1.static.flickr.com_190_497844091_17ae70e427.jpg,cat
http___farm1.static.flickr.com_188_404104724_68c501b918.jpg,cat
http___farm1.static.flickr.com_131_393656824_bd89c512d0.jpg,cat
http___static.flickr.com_1006_763942520_7d525691bb.jpg,cat
http___farm2.static.flickr.com_1311_803975840_0c65465c81.jpg,cat
http___static.flickr.com_1190_963650154_98d63b6998.jpg,cat
http___farm2.static.flickr.com_1373_1326762140_da4f016132.jpg,cat
http___www.frogsonice.com_photos_hoglezoo2_thumbnails_tiger-6.jpg,cat
http___farm1.static.flickr.com_194_468615076_a2450bf20b.jpg,cat
http___farm1.static.flickr.com_101_299836248_fb3d91e2d9.jpg,cat
http___static.flickr.com_1077_807830062_43db2901c8.jpg,cat
http___farm1.static.flickr.com_213_505539125_d7193beb76.jpg,cat
http___farm2.static.flickr.com_1069_1161694367_d513ab417f.jpg,cat
http___farm1.static.flickr.com_60_161008951_c85a3e5128.jpg,cat
http___farm2.static.flickr.com_1180_763745112_0975415d0c.jpg,cat
http___farm2.static.flickr.com_1199_530333817_61ed9739f1.jpg,cat
http___farm1.static.flickr.com_25_40489215_3c98e1b7de.jpg,cat
http___farm1.static.flickr.com_160_345595002_74b5cf3068.jpg,cat
http___farm2.static.flickr.com_1153_525124492_6f09d84474.jpg,cat
http___farm3.static.flickr.com_2280_2156765747_a3018581f1.jpg,cat
http___farm1.static.flickr.com_53_120259010_5d0791c5fe.jpg,cat
http___farm1.static.flickr.com_52_139540076_64446dd631.jpg,cat
http___farm3.static.flickr.com_2293_1586377951_d6567c0fc3.jpg,cat
http___farm2.static.flickr.com_1170_737936987_3873a7ee14.jpg,cat
http___farm2.static.flickr.com_1262_908581714_af7386bb13.jpg,cat
http___farm1.static.flickr.com_162_410728656_03daff1602.jpg,cat
http___farm1.static.flickr.com_49_132962202_f057174717.jpg,cat
http___farm1.static.flickr.com_187_421790202_ca10aa5e0f.jpg,cat
http___farm1.static.flickr.com_208_520353153_de2875eb0a.jpg,cat
http___farm1.static.flickr.com_42_107018255_929f20ef60.jpg,cat
http___farm1.static.flickr.com_104_299836529_e6ade8d23f.jpg,cat
http___static.flickr.com_105_289296107_632cde21c3.jpg,cat
http___farm1.static.flickr.com_135_331620804_e315322a82.jpg,cat
http___farm1.static.flickr.com_32_55551397_24ad25c8be.jpg,cat
http___farm3.static.flickr.com_2195_1675734483_4dab1a4cf2.jpg,cat
http___farm3.static.flickr.com_2067_2134802268_f256811ce5.jpg,cat
http___farm2.static.flickr.com_1245_1259825348_6a2aa94e8d.jpg,cat
http___farm1.static.flickr.com_62_190945562_0f0372488b.jpg,cat
http___farm1.static.flickr.com_170_371069322_829c09065c.jpg,cat
http___farm1.static.flickr.com_52_129880739_47ef4d064c.jpg,cat
http___farm1.static.flickr.com_51_145324962_5f2e8cf6c8.jpg,cat
http___farm1.static.flickr.com_175_436769703_a24a4bc7db.jpg,cat
http___farm2.static.flickr.com_1083_1368039699_fa0b65be65.jpg,cat
http___farm1.static.flickr.com_218_497844065_b3aab106d6.jpg,cat
http___farm3.static.flickr.com_2169_1654614928_c1b417b5cf.jpg,cat
http___static.flickr.com_91_213775619_0f2c1aa093.jpg,cat
http___farm2.static.flickr.com_1104_1181886610_3d23bdc306.jpg,cat
http___farm1.static.flickr.com_33_41775356_59e1d64431.jpg,cat
http___farm2.static.flickr.com_1160_570141189_710601aeb2.jpg,cat
http___farm1.static.flickr.com_236_447451822_a71f1d5385.jpg,cat
http___farm1.static.flickr.com_123_358755626_6af0a93729.jpg,cat
http___static.flickr.com_181_441054480_ec489cd7dc.jpg,cat
http___farm1.static.flickr.com_24_63785988_c16c10b4e5.jpg,cat
http___farm1.static.flickr.com_70_189124128_5878c3e898.jpg,cat
http___farm3.static.flickr.com_2072_2088622613_2660469c6c.jpg,cat
http___farm3.static.flickr.com_2245_1972050799_f63e09067f.jpg,cat
http___farm2.static.flickr.com_1107_1407544421_76a8d1099a.jpg,cat
http___static.flickr.com_1331_536306122_c45e305163.jpg,cat
http___farm1.static.flickr.com_200_525118682_8b70d91928.jpg,cat
http___static.flickr.com_70_159200035_3eb5106061.jpg,cat
http___farm3.static.flickr.com_2033_2078048522_51f557865c.jpg,cat
http___static.flickr.com_2385_1775915054_554af9fdd7.jpg,cat
http___farm1.static.flickr.com_158_439896822_cd7e4a43c3.jpg,cat
http___farm1.static.flickr.com_64_223719863_260be6e242.jpg,cat
http___farm1.static.flickr.com_70_213052920_a715f92364.jpg,cat
http___farm2.static.flickr.com_1369_1162408779_6eb2d41a35.jpg,cat
http___farm1.static.flickr.com_205_487583766_72fc7d078c.jpg,cat
http___farm3.static.flickr.com_2384_2100972415_c4c97d74fe.jpg,cat
http___farm1.static.flickr.com_41_77210967_c2dc57e535.jpg,cat
http___farm1.static.flickr.com_88_262255460_0bb183a463.jpg,cat
http___static.flickr.com_44_131667559_e9a582f047.jpg,cat
http___static.flickr.com_1369_649954784_14761d8e4b.jpg,cat
http___farm1.static.flickr.com_45_135579916_ce5bd90475.jpg,cat
http___farm2.static.flickr.com_1020_759839739_60c5a66df0.jpg,cat
http___static.flickr.com_1138_570147673_400fd3669a.jpg,cat
http___farm2.static.flickr.com_1005_809663020_7ce9d0899f.jpg,cat